{
    "logistic_regression": {
        "precision_1": 0.6572327044025157,
        "recall_1": 0.5588235294117647,
        "f1_1": 0.6040462427745664
    },
    "random_forest": {
        "precision_1": 0.6284722222222222,
        "recall_1": 0.4839572192513369,
        "f1_1": 0.5468277945619335
    },
    "xgboost": {
        "precision_1": 0.6337579617834395,
        "recall_1": 0.5320855614973262,
        "f1_1": 0.5784883720930233
    }
}