{
    "logistic_regression": {
        "precision_1": 0.6572327044025157,
        "recall_1": 0.5588235294117647,
        "f1_1": 0.6040462427745665
    },
    "random_forest": {
        "precision_1": 0.6175438596491228,
        "recall_1": 0.47058823529411764,
        "f1_1": 0.5341426403641881
    },
    "xgboost": {
        "precision_1": 0.6329113924050633,
        "recall_1": 0.5347593582887701,
        "f1_1": 0.5797101449275363
    }
}