{
    "logistic_regression": {
        "precision_1": 0.6572327044025157,
        "recall_1": 0.5588235294117647,
        "f1_1": 0.6040462427745665
    },
    "random_forest": {
        "precision_1": 0.6143344709897611,
        "recall_1": 0.48128342245989303,
        "f1_1": 0.5397301349325337
    },
    "xgboost": {
        "precision_1": 0.6329113924050633,
        "recall_1": 0.5347593582887701,
        "f1_1": 0.5797101449275363
    }
}