{
    "logistic_regression": {
        "precision_1": 0.6572327044025157,
        "recall_1": 0.5588235294117647,
        "f1_1": 0.6040462427745664
    },
    "random_forest": {
        "precision_1": 0.63,
        "recall_1": 0.5053475935828877,
        "f1_1": 0.5608308605341247
    },
    "xgboost": {
        "precision_1": 0.6337579617834395,
        "recall_1": 0.5320855614973262,
        "f1_1": 0.5784883720930233
    }
}