{
    "logistic_regression": {
        "precision_1": 0.6572327044025157,
        "recall_1": 0.5588235294117647,
        "f1_1": 0.6040462427745664
    },
    "random_forest": {
        "precision_1": 0.613013698630137,
        "recall_1": 0.4786096256684492,
        "f1_1": 0.5375375375375375
    },
    "xgboost": {
        "precision_1": 0.6337579617834395,
        "recall_1": 0.5320855614973262,
        "f1_1": 0.5784883720930233
    }
}